,index,1,2,3,4,tot_win,tot_los,Subj,Study,Unique_ID,balance,Payoff
0,Subj_1,12,9,3,71,5800,-4650,1,Fridberg,1,1150,1
1,Subj_2,24,26,12,33,7250,-7925,2,Fridberg,2,-675,1
2,Subj_3,12,35,10,38,7100,-7850,3,Fridberg,3,-750,1
3,Subj_4,11,34,12,38,7000,-7525,4,Fridberg,4,-525,1
4,Subj_5,10,24,15,46,6450,-6350,5,Fridberg,5,100,1
5,Subj_6,6,18,20,51,5950,-4700,6,Fridberg,6,1250,1
6,Subj_7,19,31,8,37,7250,-7400,7,Fridberg,7,-150,1
7,Subj_8,12,28,10,45,6750,-6600,8,Fridberg,8,150,1
8,Subj_9,10,34,12,39,6950,-7525,9,Fridberg,9,-575,1
9,Subj_10,3,20,12,60,5900,-4425,10,Fridberg,10,1475,1
10,Subj_11,14,40,9,32,7450,-7800,11,Fridberg,11,-350,1
11,Subj_12,15,42,17,21,7600,-7925,12,Fridberg,12,-325,1
12,Subj_13,11,30,14,40,6800,-6350,13,Fridberg,13,450,1
13,Subj_14,14,37,17,27,7300,-7725,14,Fridberg,14,-425,1
14,Subj_15,14,17,23,41,6300,-5850,15,Fridberg,15,450,1
0,Subj_1,21,42,15,22,8150,-9950,1,Horstmann,16,-1800,2
1,Subj_2,14,35,18,33,7450,-8250,2,Horstmann,17,-800,2
2,Subj_3,21,42,7,30,8150,-8600,3,Horstmann,18,-450,2
3,Subj_4,13,24,28,35,6850,-5650,4,Horstmann,19,1200,2
4,Subj_5,15,31,28,26,7300,-8600,5,Horstmann,20,-1300,2
5,Subj_6,12,74,6,8,9300,-10500,6,Horstmann,21,-1200,2
6,Subj_7,14,39,12,35,7650,-7250,7,Horstmann,22,400,2
7,Subj_8,30,22,24,24,7600,-8600,8,Horstmann,23,-1000,2
8,Subj_9,14,39,11,36,7650,-6950,9,Horstmann,24,700,2
9,Subj_10,19,45,15,21,8200,-8300,10,Horstmann,25,-100,2
10,Subj_11,22,34,27,17,7800,-7750,11,Horstmann,26,50,2
11,Subj_12,17,28,30,25,7250,-7100,12,Horstmann,27,150,2
12,Subj_13,3,37,25,35,7000,-7050,13,Horstmann,28,-50,2
13,Subj_14,13,37,37,13,7500,-7700,14,Horstmann,29,-200,2
14,Subj_15,20,31,22,27,7550,-7500,15,Horstmann,30,50,2
15,Subj_16,8,32,43,17,7000,-6350,16,Horstmann,31,650,2
16,Subj_17,10,70,11,9,9000,-10500,17,Horstmann,32,-1500,2
17,Subj_18,5,45,2,48,7500,-8350,18,Horstmann,33,-850,2
18,Subj_19,21,41,16,22,8100,-8350,19,Horstmann,34,-250,2
19,Subj_20,3,45,19,33,7400,-6950,20,Horstmann,35,450,2
20,Subj_21,26,28,17,29,7700,-8450,21,Horstmann,36,-750,2
21,Subj_22,12,48,17,23,8000,-7400,22,Horstmann,37,600,2
22,Subj_23,16,35,8,41,7550,-8450,23,Horstmann,38,-900,2
23,Subj_24,18,34,21,27,7600,-7250,24,Horstmann,39,350,2
24,Subj_25,17,19,53,11,6800,-5850,25,Horstmann,40,950,2
25,Subj_26,11,7,29,53,5900,-4800,26,Horstmann,41,1100,2
26,Subj_27,30,33,18,19,8150,-8450,27,Horstmann,42,-300,2
27,Subj_28,6,29,11,54,6750,-6550,28,Horstmann,43,200,2
28,Subj_29,28,31,10,31,7950,-8250,29,Horstmann,44,-300,2
29,Subj_30,10,44,22,24,7700,-7300,30,Horstmann,45,400,2
30,Subj_31,17,20,50,13,6850,-6100,31,Horstmann,46,750,2
31,Subj_32,24,25,20,31,7450,-8050,32,Horstmann,47,-600,2
32,Subj_33,7,29,13,51,6800,-6300,33,Horstmann,48,500,2
33,Subj_34,11,53,6,30,8200,-8600,34,Horstmann,49,-400,2
34,Subj_35,26,24,27,23,7500,-6650,35,Horstmann,50,850,2
35,Subj_36,23,45,10,22,8400,-8700,36,Horstmann,51,-300,2
36,Subj_37,20,35,15,30,7750,-7400,37,Horstmann,52,350,2
37,Subj_38,3,67,5,25,8500,-10000,38,Horstmann,53,-1500,2
38,Subj_39,16,52,8,24,8400,-10500,39,Horstmann,54,-2100,2
39,Subj_40,2,35,35,28,6850,-5850,40,Horstmann,55,1000,2
40,Subj_41,15,22,47,16,6850,-6500,41,Horstmann,56,350,2
41,Subj_42,27,35,20,18,8100,-8050,42,Horstmann,57,50,2
42,Subj_43,15,39,20,26,7700,-7750,43,Horstmann,58,-50,2
43,Subj_44,29,23,4,44,7600,-8650,44,Horstmann,59,-1050,2
44,Subj_45,18,48,19,15,8300,-9600,45,Horstmann,60,-1300,2
45,Subj_46,7,22,10,61,6450,-6750,46,Horstmann,61,-300,2
46,Subj_47,22,27,11,40,7450,-7700,47,Horstmann,62,-250,2
47,Subj_48,4,34,44,18,6900,-7650,48,Horstmann,63,-750,2
48,Subj_49,17,35,11,37,7600,-7200,49,Horstmann,64,400,2
49,Subj_50,29,53,10,8,9100,-11400,50,Horstmann,65,-2300,2
50,Subj_51,34,10,17,39,7200,-7000,51,Horstmann,66,200,2
51,Subj_52,9,47,5,39,7800,-8650,52,Horstmann,67,-850,2
52,Subj_53,25,47,13,15,8600,-10300,53,Horstmann,68,-1700,2
53,Subj_54,1,33,1,65,6700,-5650,54,Horstmann,69,1050,2
54,Subj_55,2,40,22,36,7100,-6900,55,Horstmann,70,200,2
55,Subj_56,17,28,19,36,7250,-7150,56,Horstmann,71,100,2
56,Subj_57,17,38,19,26,7750,-8550,57,Horstmann,72,-800,2
57,Subj_58,11,49,10,30,8000,-8700,58,Horstmann,73,-700,2
58,Subj_59,5,40,42,13,7250,-7400,59,Horstmann,74,-150,2
59,Subj_60,26,48,11,15,8700,-9800,60,Horstmann,75,-1100,2
60,Subj_61,12,28,44,16,7000,-6800,61,Horstmann,76,200,2
61,Subj_62,1,8,71,20,5450,-3750,62,Horstmann,77,1700,2
62,Subj_63,22,27,23,28,7450,-7800,63,Horstmann,78,-350,2
63,Subj_64,10,23,48,19,6650,-5450,64,Horstmann,79,1200,2
64,Subj_65,23,45,17,15,8400,-9650,65,Horstmann,80,-1250,2
65,Subj_66,18,36,24,22,7700,-7150,66,Horstmann,81,550,2
66,Subj_67,15,41,21,23,7800,-7750,67,Horstmann,82,50,2
67,Subj_68,20,33,8,39,7650,-7450,68,Horstmann,83,200,2
68,Subj_69,10,10,70,10,6000,-4500,69,Horstmann,84,1500,2
69,Subj_70,15,39,17,29,7700,-6950,70,Horstmann,85,750,2
70,Subj_71,24,34,18,24,7900,-9250,71,Horstmann,86,-1350,2
71,Subj_72,1,12,43,44,5650,-3700,72,Horstmann,87,1950,2
72,Subj_73,25,23,21,31,7400,-6800,73,Horstmann,88,600,2
73,Subj_74,2,20,6,72,6100,-4950,74,Horstmann,89,1150,2
74,Subj_75,17,40,4,39,7850,-8150,75,Horstmann,90,-300,2
75,Subj_76,15,47,8,30,8100,-8000,76,Horstmann,91,100,2
76,Subj_77,6,46,7,41,7600,-8450,77,Horstmann,92,-850,2
77,Subj_78,1,23,4,72,6200,-5850,78,Horstmann,93,350,2
78,Subj_79,21,24,21,34,7250,-7700,79,Horstmann,94,-450,2
79,Subj_80,17,35,21,27,7600,-6800,80,Horstmann,95,800,2
80,Subj_81,12,44,18,26,7800,-7700,81,Horstmann,96,100,2
81,Subj_82,18,38,14,30,7800,-8400,82,Horstmann,97,-600,2
82,Subj_83,11,25,31,33,6800,-6550,83,Horstmann,98,250,2
83,Subj_84,6,39,6,49,7250,-6200,84,Horstmann,99,1050,2
84,Subj_85,2,73,3,22,8750,-9950,85,Horstmann,100,-1200,2
85,Subj_86,17,40,13,30,7850,-7950,86,Horstmann,101,-100,2
86,Subj_87,5,1,2,92,5300,-4250,87,Horstmann,102,1050,2
87,Subj_88,35,46,3,16,9050,-11500,88,Horstmann,103,-2450,2
88,Subj_89,13,23,37,27,6800,-7200,89,Horstmann,104,-400,2
89,Subj_90,17,60,7,16,8850,-10150,90,Horstmann,105,-1300,2
90,Subj_91,2,4,84,10,5300,-4100,91,Horstmann,106,1200,2
91,Subj_92,25,38,18,19,8150,-7950,92,Horstmann,107,200,2
92,Subj_93,21,25,17,37,7300,-6500,93,Horstmann,108,800,2
93,Subj_94,15,24,34,27,6950,-6050,94,Horstmann,109,900,2
94,Subj_95,18,37,12,33,7750,-8250,95,Horstmann,110,-500,2
95,Subj_96,13,30,28,29,7150,-6650,96,Horstmann,111,500,2
96,Subj_97,9,38,13,40,7350,-7600,97,Horstmann,112,-250,2
97,Subj_98,17,44,8,31,8050,-8350,98,Horstmann,113,-300,2
98,Subj_99,18,37,18,27,7750,-7150,99,Horstmann,114,600,2
99,Subj_100,17,32,16,35,7450,-7050,100,Horstmann,115,400,2
100,Subj_101,11,34,9,46,7250,-6200,101,Horstmann,116,1050,2
101,Subj_102,2,13,66,19,5750,-5200,102,Horstmann,117,550,2
102,Subj_103,2,73,6,19,8750,-9850,103,Horstmann,118,-1100,2
103,Subj_104,13,30,19,38,7150,-6450,104,Horstmann,119,700,2
104,Subj_105,19,29,23,29,7400,-7350,105,Horstmann,120,50,2
105,Subj_106,9,42,15,34,7550,-7400,106,Horstmann,121,150,2
106,Subj_107,7,36,7,50,7150,-6350,107,Horstmann,122,800,2
107,Subj_108,24,28,21,27,7600,-7900,108,Horstmann,123,-300,2
108,Subj_109,13,8,34,45,6050,-5350,109,Horstmann,124,700,2
109,Subj_110,12,19,21,48,6550,-5650,110,Horstmann,125,900,2
110,Subj_111,11,47,13,29,7900,-7500,111,Horstmann,126,400,2
111,Subj_112,32,57,6,5,9450,-11950,112,Horstmann,127,-2500,2
112,Subj_113,16,29,12,43,7250,-6650,113,Horstmann,128,600,2
113,Subj_114,21,18,12,49,6950,-6950,114,Horstmann,129,0,2
114,Subj_115,24,25,18,33,7450,-8250,115,Horstmann,130,-800,2
115,Subj_116,19,34,23,24,7650,-7550,116,Horstmann,131,100,2
116,Subj_117,19,41,4,36,8000,-9550,117,Horstmann,132,-1550,2
117,Subj_118,20,71,8,1,9550,-11700,118,Horstmann,133,-2150,2
118,Subj_119,3,62,6,29,8250,-8900,119,Horstmann,134,-650,2
119,Subj_120,17,29,23,31,7300,-6150,120,Horstmann,135,1150,2
120,Subj_121,11,27,12,50,6900,-6800,121,Horstmann,136,100,2
121,Subj_122,19,25,13,43,7200,-6050,122,Horstmann,137,1150,2
122,Subj_123,20,26,20,34,7300,-6500,123,Horstmann,138,800,2
123,Subj_124,10,54,16,20,8200,-9650,124,Horstmann,139,-1450,2
124,Subj_125,14,27,19,40,7050,-7000,125,Horstmann,140,50,2
125,Subj_126,4,32,30,34,6800,-6350,126,Horstmann,141,450,2
126,Subj_127,17,43,21,19,8000,-8200,127,Horstmann,142,-200,2
127,Subj_128,8,12,66,14,6000,-4650,128,Horstmann,143,1350,2
128,Subj_129,14,25,31,30,6950,-6100,129,Horstmann,144,850,2
129,Subj_130,11,29,17,43,7000,-6900,130,Horstmann,145,100,2
130,Subj_131,7,41,19,33,7400,-7500,131,Horstmann,146,-100,2
131,Subj_132,19,14,29,38,6650,-5100,132,Horstmann,147,1550,2
132,Subj_133,13,36,13,38,7450,-7850,133,Horstmann,148,-400,2
133,Subj_134,31,28,20,21,7950,-8500,134,Horstmann,149,-550,2
134,Subj_135,10,8,66,16,5900,-4650,135,Horstmann,150,1250,2
135,Subj_136,23,24,25,28,7350,-6600,136,Horstmann,151,750,2
136,Subj_137,10,34,46,10,7200,-6400,137,Horstmann,152,800,2
137,Subj_138,20,21,18,41,7050,-6450,138,Horstmann,153,600,2
138,Subj_139,16,44,22,18,8000,-9200,139,Horstmann,154,-1200,2
139,Subj_140,4,72,20,4,8800,-10100,140,Horstmann,155,-1300,2
140,Subj_141,8,42,6,44,7500,-7100,141,Horstmann,156,400,2
141,Subj_142,12,13,17,58,6250,-4350,142,Horstmann,157,1900,2
142,Subj_143,16,23,24,37,6950,-6350,143,Horstmann,158,600,2
143,Subj_144,12,47,5,36,7950,-8600,144,Horstmann,159,-650,2
144,Subj_145,5,66,2,27,8550,-9050,145,Horstmann,160,-500,2
145,Subj_146,22,34,16,28,7800,-9250,146,Horstmann,161,-1450,2
146,Subj_147,10,24,47,19,6700,-5400,147,Horstmann,162,1300,2
147,Subj_148,16,25,30,29,7050,-7300,148,Horstmann,163,-250,2
148,Subj_149,4,16,26,54,6000,-5150,149,Horstmann,164,850,2
149,Subj_150,23,29,23,25,7600,-7800,150,Horstmann,165,-200,2
150,Subj_151,4,31,33,32,6750,-6050,151,Horstmann,166,700,2
151,Subj_152,6,51,13,30,7850,-8250,152,Horstmann,167,-400,2
152,Subj_153,17,48,16,19,8250,-9400,153,Horstmann,168,-1150,2
153,Subj_154,7,52,9,32,7950,-8500,154,Horstmann,169,-550,2
154,Subj_155,1,40,1,58,7050,-6750,155,Horstmann,170,300,2
155,Subj_156,27,27,22,24,7700,-7150,156,Horstmann,171,550,2
156,Subj_157,17,12,35,36,6450,-6450,157,Horstmann,172,0,2
157,Subj_158,8,77,7,8,9250,-11550,158,Horstmann,173,-2300,2
158,Subj_159,17,32,18,33,7450,-7050,159,Horstmann,174,400,2
159,Subj_160,23,49,1,27,8600,-9700,160,Horstmann,175,-1100,2
160,Subj_161,6,45,8,41,7550,-6950,161,Horstmann,176,600,2
161,Subj_162,7,12,9,72,5950,-5500,162,Horstmann,177,450,2
162,Subj_163,23,32,25,20,8440,-10950,163,Kjome,178,-2510,3
163,Subj_164,21,31,18,30,8240,-8800,164,Kjome,179,-560,3
164,Subj_165,12,36,19,33,8180,-9400,165,Kjome,180,-1220,3
165,Subj_166,12,26,20,42,7550,-7775,166,Kjome,181,-225,3
166,Subj_167,9,24,6,61,7665,-6375,167,Kjome,182,1290,3
167,Subj_168,10,17,20,53,7070,-6025,168,Kjome,183,1045,3
168,Subj_169,9,25,6,60,7665,-7375,169,Kjome,184,290,3
169,Subj_170,14,29,18,39,7805,-7975,170,Kjome,185,-170,3
170,Subj_171,18,36,21,25,8420,-10050,171,Kjome,186,-1630,3
171,Subj_172,15,33,17,35,8110,-10100,172,Kjome,187,-1990,3
172,Subj_173,17,16,31,36,7220,-7100,173,Kjome,188,120,3
173,Subj_174,17,30,20,33,7950,-8200,174,Kjome,189,-250,3
174,Subj_175,36,35,25,4,9540,-12825,175,Kjome,190,-3285,3
175,Subj_176,15,15,36,34,7055,-6550,176,Kjome,191,505,3
176,Subj_177,11,15,14,60,7130,-6225,177,Kjome,192,905,3
177,Subj_178,15,20,31,34,7280,-6475,178,Kjome,193,805,3
178,Subj_179,21,31,18,30,8240,-8800,179,Kjome,194,-560,3
179,Subj_180,18,17,42,23,7350,-6950,180,Kjome,195,400,3
180,Subj_181,32,27,23,18,8640,-10350,181,Kjome,196,-1710,3
181,Subj_182,18,18,54,10,6800,-6600,182,Maia,197,200,1
182,Subj_183,21,15,37,27,6800,-6375,183,Maia,198,425,1
183,Subj_184,17,19,40,24,6800,-6350,184,Maia,199,450,1
184,Subj_185,13,24,29,34,6850,-6800,185,Maia,200,50,1
185,Subj_186,15,29,30,26,7200,-7050,186,Maia,201,150,1
186,Subj_187,15,25,50,10,7000,-7300,187,Maia,202,-300,1
187,Subj_188,10,17,38,35,6350,-5625,188,Maia,203,725,1
188,Subj_189,9,29,17,45,6900,-6025,189,Maia,204,875,1
189,Subj_190,16,51,18,15,8350,-9000,190,Maia,205,-650,1
190,Subj_191,25,31,18,26,7800,-7850,191,Maia,206,-50,1
191,Subj_192,18,31,9,42,7450,-7450,192,Maia,207,0,1
192,Subj_193,10,14,65,11,6200,-5575,193,Maia,208,625,1
193,Subj_194,7,10,3,80,5850,-3950,194,Maia,209,1900,1
194,Subj_195,15,14,51,20,6450,-6300,195,Maia,210,150,1
195,Subj_196,10,17,59,14,6350,-5450,196,Maia,211,900,1
196,Subj_197,18,40,10,32,7900,-8500,197,Maia,212,-600,1
197,Subj_198,14,32,10,44,7300,-8100,198,Maia,213,-800,1
198,Subj_199,32,30,26,12,8100,-8925,199,Maia,214,-825,1
199,Subj_200,9,17,19,55,6300,-5100,200,Maia,215,1200,1
200,Subj_201,18,28,21,33,7300,-7500,201,Maia,216,-200,1
201,Subj_202,14,19,39,28,6650,-5775,202,Maia,217,875,1
202,Subj_203,16,27,22,35,7150,-7300,203,Maia,218,-150,1
203,Subj_204,10,14,57,19,6200,-5375,204,Maia,219,825,1
204,Subj_205,27,31,20,22,7900,-8350,205,Maia,220,-450,1
205,Subj_206,10,11,49,30,6050,-4450,206,Maia,221,1600,1
206,Subj_207,7,16,54,23,6150,-5000,207,Maia,222,1150,1
207,Subj_208,10,20,39,31,6500,-5425,208,Maia,223,1075,1
208,Subj_209,24,32,18,26,7800,-9100,209,Maia,224,-1300,1
209,Subj_210,8,11,6,75,5950,-4000,210,Maia,225,1950,1
210,Subj_211,13,39,20,28,7600,-7600,211,Maia,226,0,1
211,Subj_212,10,41,41,8,7550,-7250,212,Maia,227,300,1
212,Subj_213,22,32,17,29,7700,-8925,213,Maia,228,-1225,1
213,Subj_214,7,11,71,11,5900,-3900,214,Maia,229,2000,1
214,Subj_215,5,14,13,68,5950,-4800,215,Maia,230,1150,1
215,Subj_216,18,40,19,23,7900,-8450,216,Maia,231,-550,1
216,Subj_217,16,26,30,28,7100,-7050,217,Maia,232,50,1
217,Subj_218,15,43,21,21,7900,-8050,218,Maia,233,-150,1
218,Subj_219,16,19,43,22,6750,-6100,219,Maia,234,650,1
219,Subj_220,9,14,32,45,6150,-5150,220,Maia,235,1000,1
220,Subj_221,11,28,17,44,6950,-6375,221,Maia,236,575,1
221,Subj_222,21,35,28,16,7800,-7600,222,SteingroverInPrep,237,200,2
222,Subj_223,17,37,21,25,7700,-8550,223,SteingroverInPrep,238,-850,2
223,Subj_224,12,35,42,11,7350,-7100,224,SteingroverInPrep,239,250,2
224,Subj_225,1,18,78,3,5950,-3550,225,SteingroverInPrep,240,2400,2
225,Subj_226,15,59,19,7,8700,-10000,226,SteingroverInPrep,241,-1300,2
226,Subj_227,13,46,17,24,7950,-9000,227,SteingroverInPrep,242,-1050,2
227,Subj_228,5,47,32,16,7600,-8350,228,SteingroverInPrep,243,-750,2
228,Subj_229,3,41,5,51,7200,-7200,229,SteingroverInPrep,244,0,2
229,Subj_230,1,5,73,21,5300,-3750,230,SteingroverInPrep,245,1550,2
230,Subj_231,5,21,5,69,6300,-6750,231,SteingroverInPrep,246,-450,2
231,Subj_232,7,70,6,17,8850,-10500,232,SteingroverInPrep,247,-1650,2
232,Subj_233,19,19,32,30,6900,-6350,233,SteingroverInPrep,248,550,2
233,Subj_234,9,32,13,46,7050,-6000,234,SteingroverInPrep,249,1050,2
234,Subj_235,16,39,25,20,7750,-8000,235,SteingroverInPrep,250,-250,2
235,Subj_236,14,42,12,32,7800,-7950,236,SteingroverInPrep,251,-150,2
236,Subj_237,2,32,50,16,6700,-5750,237,SteingroverInPrep,252,950,2
237,Subj_238,7,43,16,34,7500,-6750,238,SteingroverInPrep,253,750,2
238,Subj_239,22,40,12,26,8100,-9150,239,SteingroverInPrep,254,-1050,2
239,Subj_240,6,20,8,66,6300,-5150,240,SteingroverInPrep,255,1150,2
240,Subj_241,12,42,23,23,7700,-7400,241,SteingroverInPrep,256,300,2
241,Subj_242,25,25,24,26,7500,-7800,242,SteingroverInPrep,257,-300,2
242,Subj_243,8,50,24,18,7900,-8550,243,SteingroverInPrep,258,-650,2
243,Subj_244,7,79,9,5,9300,-10900,244,SteingroverInPrep,259,-1600,2
244,Subj_245,6,40,8,46,7300,-6750,245,SteingroverInPrep,260,550,2
245,Subj_246,13,22,51,14,6750,-5600,246,SteingroverInPrep,261,1150,2
246,Subj_247,5,51,43,1,7800,-8350,247,SteingroverInPrep,262,-550,2
247,Subj_248,9,3,76,12,5600,-4500,248,SteingroverInPrep,263,1100,2
248,Subj_249,15,55,17,13,8500,-10250,249,SteingroverInPrep,264,-1750,2
249,Subj_250,9,32,34,25,7050,-6400,250,SteingroverInPrep,265,650,2
250,Subj_251,10,60,16,14,8500,-9400,251,SteingroverInPrep,266,-900,2
251,Subj_252,28,22,26,24,7500,-8900,252,SteingroverInPrep,267,-1400,2
252,Subj_253,15,58,7,20,8650,-10200,253,SteingroverInPrep,268,-1550,2
253,Subj_254,3,6,78,13,5450,-4200,254,SteingroverInPrep,269,1250,2
254,Subj_255,19,32,32,17,7550,-7300,255,SteingroverInPrep,270,250,2
255,Subj_256,14,14,62,10,6400,-6300,256,SteingroverInPrep,271,100,2
256,Subj_257,3,68,12,17,8550,-10250,257,SteingroverInPrep,272,-1700,2
257,Subj_258,6,7,83,4,5650,-4400,258,SteingroverInPrep,273,1250,2
258,Subj_259,5,37,11,47,7100,-5950,259,SteingroverInPrep,274,1150,2
259,Subj_260,18,34,17,31,7600,-7450,260,SteingroverInPrep,275,150,2
260,Subj_261,10,71,8,11,9050,-10500,261,SteingroverInPrep,276,-1450,2
261,Subj_262,10,10,50,30,6000,-4500,262,SteingroverInPrep,277,1500,2
262,Subj_263,6,33,28,33,6950,-7500,263,SteingroverInPrep,278,-550,2
263,Subj_264,24,30,19,27,7700,-7600,264,SteingroverInPrep,279,100,2
264,Subj_265,16,47,17,20,8150,-9000,265,SteingroverInPrep,280,-850,2
265,Subj_266,2,51,5,42,7650,-7800,266,SteingroverInPrep,281,-150,2
266,Subj_267,38,11,28,23,7450,-8450,267,SteingroverInPrep,282,-1000,2
267,Subj_268,22,36,25,17,7900,-8600,268,SteingroverInPrep,283,-700,2
268,Subj_269,1,11,83,5,5600,-3850,269,SteingroverInPrep,284,1750,2
269,Subj_270,10,78,10,2,9400,-11750,270,SteingroverInPrep,285,-2350,2
270,Subj_271,20,42,18,20,8100,-8500,271,SteingroverInPrep,286,-400,2
271,Subj_272,7,19,63,11,6300,-5550,272,SteingroverInPrep,287,750,2
272,Subj_273,9,17,42,32,6300,-5350,273,SteingroverInPrep,288,950,2
273,Subj_274,17,43,22,18,8000,-9550,274,SteingroverInPrep,289,-1550,2
274,Subj_275,15,34,26,25,7450,-6800,275,SteingroverInPrep,290,650,2
275,Subj_276,2,30,60,8,6600,-6050,276,SteingroverInPrep,291,550,2
276,Subj_277,13,28,21,38,7050,-7050,277,SteingroverInPrep,292,0,2
277,Subj_278,3,33,50,14,6800,-7150,278,SteingroverInPrep,293,-350,2
278,Subj_279,11,30,34,25,7050,-6700,279,SteingroverInPrep,294,350,2
279,Subj_280,11,23,45,21,6700,-5700,280,SteingroverInPrep,295,1000,2
280,Subj_281,18,47,26,9,8250,-9350,281,SteingroverInPrep,296,-1100,2
281,Subj_282,16,52,12,20,8400,-9200,282,SteingroverInPrep,297,-800,2
282,Subj_283,18,37,18,27,7750,-8650,283,SteingroverInPrep,298,-900,2
283,Subj_284,12,32,25,31,7200,-8050,284,SteingroverInPrep,299,-850,2
284,Subj_285,5,27,23,45,6600,-5150,285,SteingroverInPrep,300,1450,2
285,Subj_286,13,44,20,23,7850,-9200,286,SteingroverInPrep,301,-1350,2
286,Subj_287,1,9,4,86,5500,-3800,287,SteingroverInPrep,302,1700,2
287,Subj_288,21,56,9,14,8850,-11050,288,SteingroverInPrep,303,-2200,2
288,Subj_289,9,14,47,30,6150,-4400,289,SteingroverInPrep,304,1750,2
289,Subj_290,23,33,21,23,7800,-8100,290,SteingroverInPrep,305,-300,2
290,Subj_291,8,15,8,69,6150,-5350,291,SteingroverInPrep,306,800,2
291,Subj_292,17,60,10,13,10405,-14100,292,Premkumar,307,-3695,3
292,Subj_293,27,22,14,37,8100,-10100,293,Premkumar,308,-2000,3
293,Subj_294,16,22,17,45,7535,-8450,294,Premkumar,309,-915,3
294,Subj_295,16,13,25,46,7065,-5425,295,Premkumar,310,1640,3
295,Subj_296,18,38,14,30,8590,-10175,296,Premkumar,311,-1585,3
296,Subj_297,10,12,40,38,6685,-4800,297,Premkumar,312,1885,3
297,Subj_298,14,49,12,25,9240,-11400,298,Premkumar,313,-2160,3
298,Subj_299,8,12,20,60,6810,-4300,299,Premkumar,314,2510,3
299,Subj_300,15,19,15,51,7395,-6675,300,Premkumar,315,720,3
300,Subj_301,31,10,25,34,7695,-7550,301,Premkumar,316,145,3
301,Subj_302,2,10,60,28,6505,-3650,302,Premkumar,317,2855,3
302,Subj_303,25,19,24,32,7760,-7825,303,Premkumar,318,-65,3
303,Subj_304,17,21,29,33,7390,-8450,304,Premkumar,319,-1060,3
304,Subj_305,10,9,60,21,6780,-4900,305,Premkumar,320,1880,3
305,Subj_306,14,21,5,60,7660,-8325,306,Premkumar,321,-665,3
306,Subj_307,13,18,54,15,7245,-6200,307,Premkumar,322,1045,3
307,Subj_308,20,20,28,32,7520,-7025,308,Premkumar,323,495,3
308,Subj_309,6,8,26,60,6570,-3000,309,Premkumar,324,3570,3
309,Subj_310,14,40,18,28,8505,-9350,310,Premkumar,325,-845,3
310,Subj_311,20,7,22,51,7040,-4800,311,Premkumar,326,2240,3
311,Subj_312,21,17,39,23,7455,-7350,312,Premkumar,327,105,3
312,Subj_313,19,21,22,38,7570,-8950,313,Premkumar,328,-1380,3
313,Subj_314,9,14,17,60,6970,-5925,314,Premkumar,329,1045,3
314,Subj_315,22,34,25,19,8490,-10675,315,Premkumar,330,-2185,3
315,Subj_316,8,10,60,22,6715,-4300,316,Premkumar,331,2415,3
316,Subj_317,19,30,25,26,8080,-8400,317,Wood,332,-320,3
317,Subj_318,17,43,20,20,8870,-9900,318,Wood,333,-1030,3
318,Subj_319,20,35,21,24,8450,-10300,319,Wood,334,-1850,3
319,Subj_320,22,28,24,26,8150,-8925,320,Wood,335,-775,3
320,Subj_321,16,35,19,30,8250,-9850,321,Wood,336,-1600,3
321,Subj_322,21,30,27,22,8150,-8700,322,Wood,337,-550,3
322,Subj_323,20,32,17,31,8265,-10475,323,Wood,338,-2210,3
323,Subj_324,18,28,29,25,7850,-8300,324,Wood,339,-450,3
324,Subj_325,11,14,29,46,6865,-6275,325,Wood,340,590,3
325,Subj_326,9,21,25,45,7145,-7525,326,Wood,341,-380,3
326,Subj_327,16,34,22,28,8170,-9625,327,Wood,342,-1455,3
327,Subj_328,37,23,24,16,8795,-11200,328,Wood,343,-2405,3
328,Subj_329,15,35,18,32,8210,-9850,329,Wood,344,-1640,3
329,Subj_330,18,21,31,30,7465,-8675,330,Wood,345,-1210,3
330,Subj_331,19,26,24,31,7835,-8675,331,Wood,346,-840,3
331,Subj_332,14,13,53,20,7005,-5200,332,Wood,347,1805,3
332,Subj_333,20,13,22,45,7240,-6050,333,Wood,348,1190,3
333,Subj_334,22,32,23,23,8390,-10875,334,Wood,349,-2485,3
334,Subj_335,21,25,25,29,7860,-8950,335,Wood,350,-1090,3
335,Subj_336,25,26,29,20,8110,-9450,336,Wood,351,-1340,3
336,Subj_337,19,28,21,32,7950,-8600,337,Wood,352,-650,3
337,Subj_338,34,48,7,11,10450,-14700,338,Wood,353,-4250,3
338,Subj_339,10,22,25,43,7195,-7525,339,Wood,354,-330,3
339,Subj_340,21,29,28,22,8105,-8725,340,Wood,355,-620,3
340,Subj_341,25,27,23,25,8190,-9225,341,Wood,356,-1035,3
341,Subj_342,21,22,30,27,7670,-8850,342,Wood,357,-1180,3
342,Subj_343,15,29,39,17,7815,-7875,343,Wood,358,-60,3
343,Subj_344,14,11,30,45,6855,-5425,344,Wood,359,1430,3
344,Subj_345,16,24,24,36,7645,-8300,345,Wood,360,-655,3
345,Subj_346,18,28,18,36,7945,-8625,346,Wood,361,-680,3
346,Subj_347,22,40,25,13,8965,-10675,347,Wood,362,-1710,3
347,Subj_348,13,38,25,24,8330,-9250,348,Wood,363,-920,3
348,Subj_349,10,16,14,60,7150,-6225,349,Wood,364,925,3
349,Subj_350,14,15,33,38,7000,-6625,350,Wood,365,375,3
350,Subj_351,17,38,20,25,8490,-9900,351,Wood,366,-1410,3
351,Subj_352,13,14,13,60,7185,-6575,352,Wood,367,610,3
352,Subj_353,15,22,25,38,7405,-8325,353,Wood,368,-920,3
353,Subj_354,11,25,19,45,7485,-7725,354,Wood,369,-240,3
354,Subj_355,21,27,26,26,7990,-8700,355,Wood,370,-710,3
355,Subj_356,22,27,29,22,8025,-9100,356,Wood,371,-1075,3
356,Subj_357,24,24,25,27,8000,-9300,357,Wood,372,-1300,3
357,Subj_358,19,32,25,24,8230,-10400,358,Wood,373,-2170,3
358,Subj_359,21,18,41,20,7520,-7450,359,Wood,374,70,3
359,Subj_360,12,22,21,45,7345,-8125,360,Wood,375,-780,3
360,Subj_361,15,14,24,47,7095,-6900,361,Wood,376,195,3
361,Subj_362,12,18,13,57,7335,-6200,362,Wood,377,1135,3
362,Subj_363,21,45,15,19,9270,-10125,363,Wood,378,-855,3
363,Subj_364,27,25,23,25,8210,-9675,364,Wood,379,-1465,3
364,Subj_365,23,30,27,20,8285,-9000,365,Wood,380,-715,3
365,Subj_366,20,30,36,14,8135,-8425,366,Wood,381,-290,3
366,Subj_367,9,21,10,60,7380,-7525,367,Wood,382,-145,3
367,Subj_368,15,34,22,29,8115,-9925,368,Wood,383,-1810,3
368,Subj_369,13,46,22,19,8925,-11150,369,Wood,384,-2225,3
369,Subj_370,28,27,20,25,8370,-9800,370,Wood,385,-1430,3
370,Subj_371,17,21,15,47,7565,-8725,371,Wood,386,-1160,3
371,Subj_372,29,20,15,36,8145,-8775,372,Wood,387,-630,3
372,Subj_373,26,28,18,28,8325,-9350,373,Wood,388,-1025,3
373,Subj_374,21,26,18,35,7960,-9125,374,Wood,389,-1165,3
374,Subj_375,17,30,24,29,7950,-8275,375,Wood,390,-325,3
375,Subj_376,26,39,19,16,9065,-11075,376,Wood,391,-2010,3
376,Subj_377,7,14,60,19,6840,-5525,377,Wood,392,1315,3
377,Subj_378,14,37,13,36,8370,-9850,378,Wood,393,-1480,3
378,Subj_379,15,18,10,57,7470,-6550,379,Wood,394,920,3
379,Subj_380,12,20,19,49,7290,-6325,380,Wood,395,965,3
380,Subj_381,9,15,31,45,6840,-6000,381,Wood,396,840,3
381,Subj_382,34,28,18,20,8860,-11050,382,Wood,397,-2190,3
382,Subj_383,5,10,60,25,6600,-4100,383,Wood,398,2500,3
383,Subj_384,17,27,22,34,7770,-8225,384,Wood,399,-455,3
384,Subj_385,14,17,24,45,7195,-6700,385,Wood,400,495,3
385,Subj_386,30,27,23,20,8510,-10075,386,Wood,401,-1565,3
386,Subj_387,15,29,36,20,7830,-8000,387,Wood,402,-170,3
387,Subj_388,19,41,14,26,8890,-10125,388,Wood,403,-1235,3
388,Subj_389,19,60,12,9,10550,-14275,389,Wood,404,-3725,3
389,Subj_390,10,14,30,46,6835,-6325,390,Wood,405,510,3
390,Subj_391,5,24,11,60,7405,-7075,391,Wood,406,330,3
391,Subj_392,18,28,32,22,7885,-8375,392,Wood,407,-490,3
392,Subj_393,21,22,28,29,7670,-9025,393,Wood,408,-1355,3
393,Subj_394,10,21,29,40,7090,-7675,394,Wood,409,-585,3
394,Subj_395,15,45,17,23,8940,-9475,395,Wood,410,-535,3
395,Subj_396,15,22,28,35,7400,-8400,396,Wood,411,-1000,3
396,Subj_397,28,30,18,24,8590,-9750,397,Wood,412,-1160,3
397,Subj_398,24,26,27,23,8085,-9350,398,Wood,413,-1265,3
398,Subj_399,9,18,49,24,7010,-5600,399,Wood,414,1410,3
399,Subj_400,15,23,37,25,7465,-8075,400,Wood,415,-610,3
400,Subj_401,10,46,12,32,8840,-11100,401,Wood,416,-2260,3
401,Subj_402,19,20,25,36,7525,-7275,402,Wood,417,250,3
402,Subj_403,17,24,30,29,7590,-8500,403,Wood,418,-910,3
403,Subj_404,18,30,14,38,8075,-8500,404,Wood,419,-425,3
404,Subj_405,17,23,24,36,7605,-8600,405,Wood,420,-995,3
405,Subj_406,11,14,22,53,6945,-6050,406,Wood,421,895,3
406,Subj_407,9,32,17,42,7810,-8950,407,Wood,422,-1140,3
407,Subj_408,17,39,9,35,8660,-10200,408,Wood,423,-1540,3
408,Subj_409,14,32,20,34,7965,-9700,409,Wood,424,-1735,3
409,Subj_410,15,39,17,29,8480,-9775,410,Wood,425,-1295,3
410,Subj_411,14,23,30,33,7400,-8000,411,Wood,426,-600,3
411,Subj_412,16,20,22,42,7385,-6500,412,Wood,427,885,3
412,Subj_413,11,32,12,45,7955,-9525,413,Wood,428,-1570,3
413,Subj_414,15,14,60,11,7285,-6925,414,Wood,429,360,3
414,Subj_415,16,35,27,22,8220,-9750,415,Wood,430,-1530,3
415,Subj_416,8,40,10,42,8350,-8550,416,Wood,431,-200,3
416,Subj_417,10,9,21,60,6780,-4900,417,Wood,432,1880,3
417,Subj_418,17,26,35,22,7700,-8300,418,Wood,433,-600,3
418,Subj_419,10,60,10,20,10050,-13275,419,Wood,434,-3225,3
419,Subj_420,20,35,21,24,8450,-10300,420,Wood,435,-1850,3
420,Subj_421,8,27,20,45,7445,-7175,421,Wood,436,270,3
421,Subj_422,7,9,39,45,6480,-4475,422,Wood,437,2005,3
422,Subj_423,15,26,18,41,7670,-8175,423,Wood,438,-505,3
423,Subj_424,22,24,29,25,7880,-9100,424,Wood,439,-1220,3
424,Subj_425,19,31,13,37,8225,-8750,425,Wood,440,-525,3
425,Subj_426,19,34,27,20,8315,-10450,426,Wood,441,-2135,3
426,Subj_427,22,24,25,29,7900,-9250,427,Wood,442,-1350,3
427,Subj_428,11,30,34,25,7665,-7175,428,Wood,443,490,3
428,Subj_429,14,38,13,35,8435,-9850,429,Wood,444,-1415,3
429,Subj_430,15,25,18,42,7640,-8175,430,Wood,445,-535,3
430,Subj_431,19,20,31,30,7465,-7175,431,Wood,446,290,3
431,Subj_432,27,31,24,18,8600,-9450,432,Wood,447,-850,3
432,Subj_433,27,31,24,18,8600,-9450,433,Wood,448,-850,3
433,Subj_434,26,29,21,24,8410,-9400,434,Wood,449,-990,3
434,Subj_435,22,60,11,7,10750,-14800,435,Wood,450,-4050,3
435,Subj_436,10,32,30,28,7755,-9100,436,Wood,451,-1345,3
436,Subj_437,9,21,10,60,7380,-7525,437,Wood,452,-145,3
437,Subj_438,19,30,22,29,8065,-8625,438,Wood,453,-560,3
438,Subj_439,10,32,16,42,7850,-9275,439,Wood,454,-1425,3
439,Subj_440,22,33,17,28,8465,-10725,440,Wood,455,-2260,3
440,Subj_441,23,37,10,30,8810,-10875,441,Wood,456,-2065,3
441,Subj_442,12,21,18,49,7340,-8075,442,Wood,457,-735,3
442,Subj_443,15,32,18,35,8050,-10175,443,Wood,458,-2125,3
443,Subj_444,12,34,15,39,8075,-9625,444,Wood,459,-1550,3
444,Subj_445,13,28,30,29,7620,-7750,445,Wood,460,-130,3
445,Subj_446,16,52,13,19,9625,-11400,446,Wood,461,-1775,3
446,Subj_447,18,43,15,24,9000,-9900,447,Wood,462,-900,3
447,Subj_448,10,51,12,27,9230,-10800,448,Wood,463,-1570,3
448,Subj_449,9,14,17,60,6970,-5925,449,Wood,464,1045,3
449,Subj_450,24,23,26,27,7930,-9350,450,Wood,465,-1420,3
450,Subj_451,18,26,22,34,7780,-8375,451,Wood,466,-595,3
451,Subj_452,20,30,29,21,8080,-8550,452,Wood,467,-470,3
452,Subj_453,7,10,60,23,6660,-4300,453,Wood,468,2360,3
453,Subj_454,19,31,15,35,8210,-8775,454,Wood,469,-565,3
454,Subj_455,21,21,22,36,7690,-9200,455,Wood,470,-1510,3
455,Subj_456,12,46,11,31,8950,-11425,456,Wood,471,-2475,3
456,Subj_457,13,50,12,25,9290,-11150,457,Wood,472,-1860,3
457,Subj_458,17,51,20,12,9545,-11875,458,Wood,473,-2330,3
458,Subj_459,7,13,20,60,6780,-4300,459,Wood,474,2480,3
459,Subj_460,12,60,15,13,10185,-13475,460,Wood,475,-3290,3
460,Subj_461,12,60,15,13,10185,-13475,461,Wood,476,-3290,3
461,Subj_462,10,39,17,34,8255,-8975,462,Wood,477,-720,3
462,Subj_463,19,34,22,25,8325,-10325,463,Wood,478,-2000,3
463,Subj_464,24,44,12,20,9380,-10950,464,Wood,479,-1570,3
464,Subj_465,5,10,25,60,6600,-4200,465,Wood,480,2400,3
465,Subj_466,25,27,23,25,8190,-9225,466,Wood,481,-1035,3
466,Subj_467,12,47,19,22,8975,-11350,467,Wood,482,-2375,3
467,Subj_468,5,16,19,60,6940,-5550,468,Wood,483,1390,3
468,Subj_469,21,32,29,18,8290,-10525,469,Wood,484,-2235,3
469,Subj_470,15,42,14,29,7850,-8150,470,Worthy,485,-300,1
470,Subj_471,5,14,19,62,5950,-4950,471,Worthy,486,1000,1
471,Subj_472,17,25,19,39,7100,-7600,472,Worthy,487,-500,1
472,Subj_473,10,41,10,39,7550,-7500,473,Worthy,488,50,1
473,Subj_474,22,57,13,8,8950,-10650,474,Worthy,489,-1700,1
474,Subj_475,18,38,24,20,7800,-8550,475,Worthy,490,-750,1
475,Subj_476,12,49,10,29,8050,-8850,476,Worthy,491,-800,1
476,Subj_477,16,32,24,28,7400,-8100,477,Worthy,492,-700,1
477,Subj_478,27,39,17,17,8300,-9225,478,Worthy,493,-925,1
478,Subj_479,17,23,23,37,7000,-7600,479,Worthy,494,-600,1
479,Subj_480,17,39,20,24,7800,-8350,480,Worthy,495,-550,1
480,Subj_481,12,21,54,13,6650,-6900,481,Worthy,496,-250,1
481,Subj_482,26,29,16,29,7750,-8200,482,Worthy,497,-450,1
482,Subj_483,18,33,20,29,7550,-8750,483,Worthy,498,-1200,1
483,Subj_484,13,23,35,29,6800,-6900,484,Worthy,499,-100,1
484,Subj_485,26,28,24,22,7700,-8150,485,Worthy,500,-450,1
485,Subj_486,18,39,17,26,7850,-8375,486,Worthy,501,-525,1
486,Subj_487,23,23,27,27,7300,-7675,487,Worthy,502,-375,1
487,Subj_488,23,24,22,31,7350,-7800,488,Worthy,503,-450,1
488,Subj_489,13,77,3,7,9500,-11650,489,Worthy,504,-2150,1
489,Subj_490,18,34,24,24,7600,-8550,490,Worthy,505,-950,1
490,Subj_491,23,24,28,25,7350,-7675,491,Worthy,506,-325,1
491,Subj_492,17,31,27,25,7400,-7225,492,Worthy,507,175,1
492,Subj_493,26,32,17,25,7900,-9225,493,Worthy,508,-1325,1
493,Subj_494,18,32,29,21,7500,-8700,494,Worthy,509,-1200,1
494,Subj_495,9,8,78,5,5850,-2725,495,Worthy,510,3125,1
495,Subj_496,20,28,24,28,7400,-7300,496,Worthy,511,100,1
496,Subj_497,25,42,10,23,8350,-8900,497,Worthy,512,-550,1
497,Subj_498,12,32,10,46,7200,-7850,498,Worthy,513,-650,1
498,Subj_499,24,28,24,24,7600,-7950,499,Worthy,514,-350,1
499,Subj_500,17,29,28,26,7300,-7225,500,Worthy,515,75,1
500,Subj_501,14,15,44,27,6450,-5850,501,Worthy,516,600,1
501,Subj_502,27,32,17,24,7950,-9475,502,Worthy,517,-1525,1
502,Subj_503,27,25,23,25,7600,-8350,503,Worthy,518,-750,1
503,Subj_504,10,24,12,54,6700,-6525,504,Worthy,519,175,1
0,Subj_1,46,37,29,38,11650,-12200,1,Steingroever2011,520,-550,2
1,Subj_2,40,57,19,34,12350,-13950,2,Steingroever2011,521,-1600,2
2,Subj_3,19,35,8,88,10200,-9300,3,Steingroever2011,522,900,2
3,Subj_4,18,11,10,111,8950,-6750,4,Steingroever2011,523,2200,2
4,Subj_5,13,1,1,135,8200,-6300,5,Steingroever2011,524,1900,2
5,Subj_6,48,46,21,35,12200,-13700,6,Steingroever2011,525,-1500,2
6,Subj_7,9,47,42,52,10300,-9850,7,Steingroever2011,526,450,2
7,Subj_8,0,0,150,0,7500,-3750,8,Steingroever2011,527,3750,2
8,Subj_9,21,64,35,30,11750,-11800,9,Steingroever2011,528,-50,2
9,Subj_10,9,4,127,10,8150,-5600,10,Steingroever2011,529,2550,2
10,Subj_11,29,6,1,114,9250,-7800,11,Steingroever2011,530,1450,2
11,Subj_12,14,77,41,18,12050,-12950,12,Steingroever2011,531,-900,2
12,Subj_13,13,30,8,99,9650,-8000,13,Steingroever2011,532,1650,2
13,Subj_14,19,102,23,6,13550,-15800,14,Steingroever2011,533,-2250,2
14,Subj_15,26,62,26,36,11900,-11950,15,Steingroever2011,534,-50,2
15,Subj_16,5,28,105,12,9150,-7650,16,Steingroever2011,535,1500,2
16,Subj_17,27,64,31,28,12050,-12200,17,Steingroever2011,536,-150,2
17,Subj_18,19,57,25,49,11300,-10200,18,Steingroever2011,537,1100,2
18,Subj_19,20,37,65,28,10350,-9800,19,Steingroever2011,538,550,2
19,Subj_20,21,37,74,18,10400,-8800,20,Steingroever2011,539,1600,2
20,Subj_21,5,18,117,10,8650,-6350,21,Steingroever2011,540,2300,2
21,Subj_22,27,48,32,43,11250,-11750,22,Steingroever2011,541,-500,2
22,Subj_23,13,92,2,43,12750,-14400,23,Steingroever2011,542,-1650,2
23,Subj_24,16,56,67,11,11100,-11700,24,Steingroever2011,543,-600,2
24,Subj_25,25,38,43,44,10650,-10450,25,Steingroever2011,544,200,2
25,Subj_26,20,79,18,33,12450,-13950,26,Steingroever2011,545,-1500,2
26,Subj_27,2,25,121,2,8850,-7550,27,Steingroever2011,546,1300,2
27,Subj_28,16,84,6,44,12500,-14750,28,Steingroever2011,547,-2250,2
28,Subj_29,2,143,2,3,14750,-18150,29,Steingroever2011,548,-3400,2
29,Subj_30,13,50,16,71,10650,-9950,30,Steingroever2011,549,700,2
30,Subj_31,34,77,7,32,13050,-15250,31,Steingroever2011,550,-2200,2
31,Subj_32,17,78,31,24,12250,-13800,32,Steingroever2011,551,-1550,2
32,Subj_33,28,52,39,31,11500,-12950,33,Steingroever2011,552,-1450,2
33,Subj_34,2,8,138,2,8000,-5200,34,Steingroever2011,553,2800,2
34,Subj_35,27,115,4,4,14600,-18800,35,Steingroever2011,554,-4200,2
35,Subj_36,30,57,16,47,11850,-11650,36,Steingroever2011,555,200,2
36,Subj_37,13,37,36,64,10000,-8700,37,Steingroever2011,556,1300,2
37,Subj_38,2,2,143,3,7700,-5250,38,Steingroever2011,557,2450,2
38,Subj_39,19,47,59,25,10800,-10700,39,Steingroever2011,558,100,2
39,Subj_40,30,57,36,27,11850,-11650,40,Steingroever2011,559,200,2
40,Subj_41,27,52,37,34,11450,-11450,41,Steingroever2011,560,0,2
41,Subj_42,18,40,80,12,10400,-9850,42,Steingroever2011,561,550,2
42,Subj_43,18,52,28,52,11000,-10200,43,Steingroever2011,562,800,2
43,Subj_44,5,58,45,42,10650,-10850,44,Steingroever2011,563,-200,2
44,Subj_45,25,81,14,30,12800,-14100,45,Steingroever2011,564,-1300,2
45,Subj_46,4,2,21,123,7800,-5450,46,Steingroever2011,565,2350,2
46,Subj_47,17,49,13,71,10800,-10400,47,Steingroever2011,566,400,2
47,Subj_48,33,39,34,44,11100,-10900,48,Steingroever2011,567,200,2
48,Subj_49,17,75,25,33,12100,-12250,49,Steingroever2011,568,-150,2
49,Subj_50,26,70,16,38,12300,-13750,50,Steingroever2011,569,-1450,2
50,Subj_51,21,54,28,47,11250,-10700,51,Steingroever2011,570,550,2
51,Subj_52,10,24,26,90,9200,-7950,52,Steingroever2011,571,1250,2
52,Subj_53,31,47,20,52,11400,-11900,53,Steingroever2011,572,-500,2
53,Subj_54,42,37,31,40,11450,-10750,54,Steingroever2011,573,700,2
54,Subj_55,5,22,11,112,8850,-6400,55,Steingroever2011,574,2450,2
55,Subj_56,19,91,14,26,13000,-14650,56,Steingroever2011,575,-1650,2
56,Subj_57,0,0,150,0,7500,-3750,57,Steingroever2011,576,3750,2
57,Subj_58,33,53,33,31,11800,-11950,58,Wetzels,577,-150,2
58,Subj_59,20,50,24,56,11000,-10850,59,Wetzels,578,150,2
59,Subj_60,7,12,117,14,8450,-5500,60,Wetzels,579,2950,2
60,Subj_61,28,53,24,45,11550,-11300,61,Wetzels,580,250,2
61,Subj_62,29,65,19,37,12200,-12700,62,Wetzels,581,-500,2
62,Subj_63,17,37,64,32,10200,-8100,63,Wetzels,582,2100,2
63,Subj_64,5,32,21,92,9350,-7100,64,Wetzels,583,2250,2
64,Subj_65,5,86,4,55,12050,-13600,65,Wetzels,584,-1550,2
65,Subj_66,30,42,39,39,11100,-10700,66,Wetzels,585,400,2
66,Subj_67,29,44,59,18,11150,-10750,67,Wetzels,586,400,2
67,Subj_68,21,66,18,45,11850,-11750,68,Wetzels,587,100,2
68,Subj_69,4,30,1,115,9200,-7300,69,Wetzels,588,1900,2
69,Subj_70,16,29,66,39,9750,-8750,70,Wetzels,589,1000,2
70,Subj_71,9,9,97,35,8400,-5950,71,Wetzels,590,2450,2
71,Subj_72,26,36,80,8,10600,-10350,72,Wetzels,591,250,2
72,Subj_73,40,48,28,34,11900,-11700,73,Wetzels,592,200,2
73,Subj_74,20,34,73,23,10200,-10050,74,Wetzels,593,150,2
74,Subj_75,11,44,53,42,10250,-9000,75,Wetzels,594,1250,2
75,Subj_76,11,61,17,61,11100,-11000,76,Wetzels,595,100,2
76,Subj_77,31,25,23,71,10300,-8750,77,Wetzels,596,1550,2
77,Subj_78,25,38,11,76,10650,-9950,78,Wetzels,597,700,2
78,Subj_79,16,29,84,21,9750,-8550,79,Wetzels,598,1200,2
79,Subj_80,5,37,100,8,9600,-7450,80,Wetzels,599,2150,2
80,Subj_81,16,86,25,23,12600,-14450,81,Wetzels,600,-1850,2
81,Subj_82,16,59,5,70,11250,-11300,82,Wetzels,601,-50,2
82,Subj_83,40,43,26,41,11650,-12950,83,Wetzels,602,-1300,2
83,Subj_84,23,69,16,42,12100,-13100,84,Wetzels,603,-1000,2
84,Subj_85,24,44,26,56,10900,-11550,85,Wetzels,604,-650,2
85,Subj_86,5,1,140,4,7800,-5750,86,Wetzels,605,2050,2
86,Subj_87,23,49,63,15,11100,-11400,87,Wetzels,606,-300,2
87,Subj_88,33,46,30,41,11450,-10700,88,Wetzels,607,750,2
88,Subj_89,20,37,17,76,10350,-8700,89,Wetzels,608,1650,2
89,Subj_90,16,32,82,20,9900,-8500,90,Wetzels,609,1400,2
90,Subj_91,27,33,32,58,10500,-9400,91,Wetzels,610,1100,2
91,Subj_92,24,77,19,30,12550,-14500,92,Wetzels,611,-1950,2
92,Subj_93,40,16,70,24,10300,-8750,93,Wetzels,612,1550,2
93,Subj_94,24,69,13,44,12150,-11850,94,Wetzels,613,300,2
94,Subj_95,5,31,46,68,9300,-7150,95,Wetzels,614,2150,2
95,Subj_96,18,19,37,76,9350,-7900,96,Wetzels,615,1450,2
96,Subj_97,25,30,44,51,10250,-9050,97,Wetzels,616,1200,2
97,Subj_98,11,104,6,29,13250,-15050,98,Wetzels,617,-1800,2
